codigo_crimen,latitud,longitud
8,-15.068712254283728,0.15799137404294328
0,-4.06591278910107,12.491768470492303
1,3.1411793066364315,-12.090601121877912
8,8.80699754808258,14.316891844960102
3,-5.7736407940424455,15.487285716233451
9,-6.505154902417059,1.665465502628638
2,9.856158234022237,4.330737682381206
4,15.44707080232749,12.615254279167363
1,13.797626902368592,7.0422469838074555
8,16.945590841956378,2.2169541102818484
7,2.087257578205907,-9.295526989168849
0,-3.8047975733954407,10.383244844679815
9,4.345101793427868,-12.368524245910464
6,-5.4109136983455075,4.189655319749878
5,-8.929219482271433,7.356260248870572
9,5.609112627286146,0.7974699538382071
1,-2.7123633485556393,-1.8670216056016606
8,2.1084041096917403,11.95392641864144
0,-0.8616445166165105,14.426535677764983
2,0.8691053399295869,8.185509145924554
0,-11.302124781626276,9.93375681829456
6,-0.9450715388553466,8.746570331589885
0,6.108450965319013,0.7276346271518888
8,12.21463608536916,13.68251768652388
0,-9.709102848935393,7.02455147724563
6,0.8232637788836694,7.366721131472406
4,11.29846422698328,9.750787142345946
0,-6.759193738984165,3.2849374634752415
3,4.293719123764383,-6.85988993607375
4,12.20423586266833,9.985410381048794
4,-5.382296256368722,9.810964067724635
8,1.7818192076921542,-5.244295658072485
0,5.917235493949395,14.188253253875217
6,11.041384525037044,14.457123038298478
2,4.6666085741645515,-8.009237810579833
9,7.2113927497026875,-5.78781705129931
5,12.66158082278792,14.237672377418834
0,9.793449291238897,4.044311790961466
9,17.20424565468749,17.514761228241433
5,5.256151902928526,-11.718632994064965
4,-4.116202994410293,2.1537820419982503
3,17.596834527448706,5.407811846213987
7,11.449482751252296,0.596077887921818
6,-5.026551643252091,-15.125624468796275
9,-11.675190828382622,-4.568314785877544
8,-5.746523172309934,3.1804781682368386
6,-10.04086020154655,-6.41914890744083
3,8.185190066358238,-4.881968579345309
4,10.55580813896728,3.178176151062919
9,-10.452673550940116,3.4678154605290294
4,15.86299628243553,15.646236829062104
5,-3.8467931508511803,-9.332136177260557
7,8.835005458840444,4.4993313245749915
1,-9.728694947380388,7.361701974477511
9,3.584391410760073,-6.073956790040697
9,4.935827254412139,9.096020394089127
9,12.585915601773078,6.537273235012471
7,8.856759706769488,11.456410596651699
7,3.9710985622464845,-9.801653085619964
9,0.05849599621599566,9.467095925783273
2,20.50417595156049,8.996602261211759
5,-1.7781244895784836,2.0039263764805226
6,-6.7728519916536865,13.207781571856092
5,-4.498942627131271,6.376960536994323
4,16.66341365146247,-5.443371120447047
5,10.854025665450365,7.244288012188042
6,3.4067228805382856,-4.200977976759162
9,-3.392166687888843,2.6944800814959926
5,-1.0616222541452354,-4.392250311020497
8,3.0037018852377257,-19.16601231477067
0,14.287893541510556,-1.0850450907993698
1,0.8554751516699373,-7.461636221389295
0,13.58132538154371,10.387938942653609
4,9.40176991689351,10.516364033564537
3,-4.696021537081936,2.256065756981847
5,-1.900434395132624,8.025051259530606
9,-13.802920854970623,-6.339418094889376
7,5.083643657887631,6.4077825565358015
8,20.360060245657074,0.4688491954064995
2,8.838824858971163,-7.396897890549184
7,-3.9226160464075526,6.413160358378642
3,-8.70919122643327,12.886485604820484
3,-5.218354907330089,8.373120844081582
1,3.7255999640403576,7.34679810879256
9,7.859681050550563,7.4054412105571465
6,8.300323268603044,-9.109354569388051
6,-7.515270172782268,11.671687795610588
4,2.6942962304567333,6.2654164721424905
1,-14.3667161315906,11.965494567783718
2,-4.477588417423657,8.438849486134723
0,-1.1536356865143316,15.062389408527517
4,14.341924889217683,10.62332828000375
5,-7.112092428143502,6.236327806348596
5,1.6611865825620686,9.891241488012977
2,-7.20195107551368,8.134164998012828
6,-11.654267754301069,-3.1137250843959503
8,-2.8661224737752335,7.518169783145061
2,-10.598434899982763,2.4408268391534174
4,1.3628777735071393,11.211159513116813
9,-7.86999216877454,8.493650588672601
4,3.387907474824061,10.201087511441088
2,-2.3376602233993493,5.504411832909591
9,7.943936318968808,7.066789053604969
8,6.883497541018744,4.9174324228936355
2,3.799003431482717,9.646005935595586
7,-1.4113574572227918,-3.325691285252624
1,-11.731297123307034,1.2787515589349483
9,8.405621903388868,15.401121784273437
8,-2.9313765282956963,2.6687402226262575
0,13.720210186367812,-2.591673445021909
2,-8.278217774380558,11.799020109932107
3,-13.364376932510947,11.209558147656129
1,-4.940866774064316,0.7151193445205593
8,1.0573086687218867,-0.9486423949425538
3,-7.752601133704706,9.744865547794156
1,-1.927843169663288,-0.913599987004893
0,-10.25596398225133,2.3100029650468894
3,-6.005427027602897,1.3822022774142937
4,-13.929288515859419,2.7626405593703893
8,16.83751161075791,-2.040025603875028
8,13.449553038817537,-0.12669187894436718
7,1.0196848101272318,14.189870705111392
5,7.034564361404179,8.368663907727537
6,10.374087321453349,17.723912660655
0,5.066410577592491,8.385684235337916
9,-6.844794229595181,-2.049970958706245
1,-13.377205752228559,1.037876031376414
5,-10.424271281376226,3.3990773912212333
4,16.814626216522267,6.655187118965117
0,7.30227516160708,0.1670101711079015
4,10.999480551515756,-9.351734369879487
9,0.2792254667006784,-5.695288328157011
7,-1.200827898356287,9.7096119919819
0,5.1250150243713675,9.999023463022427
6,2.9078163103941437,6.042800724289242
6,-8.995187219755655,4.77250053470516
0,1.7637974800673488,2.1568235637451014
2,2.61347858985521,-12.91171505857736
2,-8.648197929547624,10.466421369415379
9,-6.462257432793144,9.401158336675746
9,-0.7849639534613235,-13.971404013473574
0,11.457940067349483,-9.202041676144125
6,0.29515866966297555,5.725603923396495
9,15.164281280685255,14.240761075386402
7,-6.5482595895528375,1.487367640665715
7,11.441110011413436,13.457375087754599
0,-7.765841229239545,2.8589441892142404
1,-8.735894254796065,3.000693076848817
3,4.413402425794255,0.7075893326981353
8,-14.796281351701245,2.2275635736869734
4,0.9231675675316433,28.52898255158664
5,5.395054364608027,-8.016405557231385
5,-3.7542228834635583,7.061596451412909
2,12.362691417566774,3.525726420447036
5,2.9857638242420372,-0.7958602461238709
1,-8.658033259304577,8.026534508343124
6,-0.12178999862676676,15.92413595473689
3,10.362756833512208,4.979325868845477
0,-11.907828723173283,5.3971243640124476
2,3.0322670955681934,4.055536170119434
0,10.472243019854345,-6.978514559101656
4,-2.7581766405721293,-4.47673822056575
1,6.156985362858807,6.081326584786736
8,5.286388232950086,10.451200593648494
5,-5.552141917956057,0.9365429586499792
2,1.3780965860530374,4.204889670309762
3,-4.00110437269779,1.9473666109520007
5,0.26573205676766776,6.577372041345765
0,0.06932010925255394,5.443462517813923
2,0.7965859479552444,-5.20779212784745
6,-10.019860303913319,0.7989239456325595
0,-4.440186500122804,12.664494249112732
7,9.7978333513744,1.3621961637629445
3,4.124336634321928,0.18960825935219372
0,-2.291058216339498,7.163237058328939
7,-4.2389797268477265,5.075659283876989
1,9.90347853618976,3.8416825843912017
9,-5.4299729704552435,10.321684037406607
1,12.065999664614756,8.980708745092087
4,5.798530069661856,-13.093935126846954
5,17.44719992860259,2.837357222354882
7,-7.501854478163765,13.369022900733302
6,-6.6199486672499,-4.319828013115628
9,6.128844455372556,-12.761256804646917
2,8.44002840838935,6.811885192140458
7,-11.822195571496383,4.9706587442050445
4,11.506717548711764,3.4102222503840323
2,-9.30987852528859,3.796244829295591
6,1.945775991651547,4.305867578470661
2,7.632307366710527,14.400217632186216
7,2.671663580276632,-7.4049275695179535
1,17.710877563091707,10.583932888816209
5,-0.8610252182688609,13.898451970954849
3,-4.528028873380598,11.734322462936868
6,9.325287493922566,-1.6939621136693361
5,-8.002989144567168,3.762790506543702
5,11.635353772114563,4.5065328607474795
4,-4.35240184391664,6.803396488036578
3,18.66275938975358,5.943881788210037
0,-3.426731429959189,14.247224273481738
2,-0.6067034068701531,-0.9101417771265776
2,16.546096930516875,10.360337803545226
8,-8.645601596508596,-2.9547347693217763
3,1.7641046824047253,-2.759107196641569
0,10.30568165388184,0.08059128942220894
0,-4.164606742888315,8.130921013385414
4,-13.78183653559999,1.5194065338363818
8,0.3919832772389942,8.664785280194904
7,-3.926964526343305,2.1739395072881127
4,5.318983630154682,14.740632566338174
9,4.43589170334216,0.5394635049105201
9,-3.5879742240111834,8.248186187032914
0,-1.7441784688921658,9.763528654829663
6,5.895306824910451,-8.579961794252867
7,11.863460673815897,17.5726043373653
2,-3.6028356879114587,8.410387493106015
5,14.57526895731272,1.4345262068751587
8,-13.537761233531334,11.341309573093962
7,8.966506380653879,7.5782896608122545
4,-2.679950244564961,6.963400606736072
3,4.954201504607947,0.8140315304614409
0,-9.934247400665086,-3.9656276440369727
9,-1.2948578173139866,-0.10999738398195369
9,5.975409434421268,3.741056816034066
9,9.078389695455416,16.24808956759024
7,0.27425031152885726,6.907341113682343
2,15.786676666742395,6.436477228220811
5,6.816036927126962,-5.23945767170361
3,4.3646659521314675,-9.47685357888274
5,-1.292459904274395,5.039043905539048
9,-2.9106667197284013,-0.37862705094389626
7,8.011867685546719,3.1458915540105883
5,-9.06563384663492,5.262864243568091
1,-10.60001214658017,8.609517245617873
5,9.455422456660232,17.461079010112122
1,3.6815927259115417,7.221463379833127
6,-5.723368458203711,10.847164471664954
6,6.056503514729277,-11.78078742211197
0,0.5716064606035278,11.371924426637207
0,1.8111883134107218,1.4756139723142505
0,-1.8072085559046167,7.127235361695077
2,6.122779431099896,18.461093031669964
9,2.8039267227896065,10.489562109389269
7,5.847528586841731,13.319243261473883
9,16.34375021844579,0.14022793703854752
4,-16.407108747925193,5.9834825158031
6,-9.312691341191107,1.098943812085306
4,5.423321754334268,2.9005893771691547
9,3.107910240462972,-14.56484285001508
8,-6.070293910040581,-8.250760417959533
6,-8.598757794815644,-4.236331801605196
9,-12.295295224407248,3.5531761597554734
9,14.95706852395222,14.808771630634444
4,5.128249435925762,10.117955225352208
2,-11.09993889151983,-1.3069092872824077
2,-12.71156882368214,6.057679273649766
3,4.676072203594289,-6.023216580744119
0,3.697598931395657,0.5998996383103412
8,3.232062908702418,4.895749223366227
8,-13.01030779573312,9.286677083289065
6,5.8935372318436094,-6.6401720503783395
3,0.3615415105271502,-11.405114941649774
7,13.533055158760316,-7.03231152290047
5,12.021665517289744,9.32555930914999
2,0.6634656873004712,8.538944868764721
2,-0.9652011063831614,12.754541901104155
2,12.839679972463824,12.80623619411213
5,12.72448031575353,18.661079890681506
9,8.953276951456704,10.227417464367377
9,-9.185821984542638,0.8471189410433446
7,-16.990690614765477,18.66040411207213
5,14.238190302141447,9.379015870038042
5,-8.161202128875171,12.205557598400539
3,1.6913396497987812,-13.354340322631847
2,12.634819461380433,-3.6010714708578258
2,-0.3096198177055336,10.400741472534133
6,0.5418120653194718,3.183984452565806
2,-10.25736069510291,-3.7894591706826173
7,-5.261733863572321,11.696562368273517
3,-2.52506161149073,5.337288695498012
3,-5.600762457056115,7.6559379171084325
6,-0.6187185631290983,1.1282245013912284
6,-8.083632269906282,7.912034510288747
5,-5.308362422512868,16.487046119557743
6,2.053836560552887,7.628743142150416
0,-0.6861706486206485,-16.182903179842377
1,7.328965162471968,-1.2366559806453017
1,-6.6972030077139735,4.667450269007087
4,8.804866482963854,-0.7666423698326161
7,11.922760588241257,7.689723700681008
2,-2.671214080348575,10.60881720618955
9,-5.448891658960538,-0.17550376227284636
3,-8.804087774905412,11.627711800203926
4,0.30931889318669015,8.589826275288187
2,-5.197153038964586,2.182080143866579
2,-8.453316873150326,9.527109473378685
7,-7.692941877769929,8.651817033070515
2,-2.321229150441452,10.807096084727014
5,8.225434984739188,-4.431787139124337
8,17.13487380755004,21.191695178339955
0,13.482658939832064,15.833223721623892
0,0.42356340915982127,11.181954955253776
2,4.530153665308021,-10.331464341287466
6,-10.120229494700162,0.20616725495355137
1,15.750592452226094,0.2895896242595013
1,11.015772735598246,10.798778315718875
1,-11.755765736733576,-2.420393405761814
8,6.094806583663845,-4.283696309499527
3,-7.45389154704781,5.111536764696489
3,11.048783107887822,-2.736683103264726
2,-5.568786838953453,-1.522517248622818
5,-5.71090072745317,-0.7976730677923021
6,-11.274347016848637,-3.307284597097853
3,10.435570448956945,7.493299777998907
0,4.319931087555985,-10.989387605741356
1,3.4764729130818646,11.462443153674968
8,8.324598801384433,7.2986828397149806
4,-12.064751790449435,3.994751479279384
3,17.669614684959292,8.238948362459476
0,2.5192136380107897,9.136899190626943
7,14.215127151133522,4.748265792652019
3,-8.598818659750783,2.6085762513759336
2,-13.609142180153885,15.012447734226905
8,9.42553061731282,10.156164405705653
6,-12.141772569668472,-3.2791506103346784
7,8.741766737158866,-11.507805727870917
0,-7.949105293702211,7.423453137631228
1,5.382318739191636,1.5124158504693188
8,1.0031494151469955,-13.366533994552272
9,-9.52711162120956,12.514186907108655
0,-0.1592361621026548,-8.14756262429829
9,7.116288976342525,16.035367125851387
7,5.176542842138565,-9.214354923692607
3,4.679647561064993,13.255902415050645
9,-5.531558951237488,0.3600197511041756
6,2.5461067920305043,10.678529517418909
5,5.738018390843792,8.003584156448712
6,-7.661821374673947,2.185941058024855
9,5.784455425817674,-0.6416022499690284
8,-9.440611933690331,5.996362535372975
9,4.018679914414373,4.213911108261978
1,-1.069747699893016,0.5572176955520867
1,-9.070572113623353,9.354704958314905
0,-9.71408363924026,-12.617468800425376
3,7.213434908836252,16.544154669382465
9,-9.46775715550838,18.19366620912991
8,1.4370704368092753,-12.553991591566772
4,4.984855579304744,-11.152084187000607
4,4.033642209648016,-0.19644901192021624
9,16.714686858723475,1.553578549300485
6,7.940840617686998,13.670894871810335
8,14.099296614323507,-13.660704053252797
1,-14.862819404154482,-7.481948891416435
7,-17.01375168441384,4.9416799140792875
5,-7.232341524336604,10.813038356082902
8,5.520442915368606,-3.695678195334044
0,-14.671822797349908,7.911636708153604
7,11.439272647677964,13.447917220471322
5,9.119297060091686,-1.382028960713269
3,-5.068323107233683,10.959416616127928
7,-3.9695668988703083,0.7178169930501916
8,-10.068734816879177,1.3198732808187064
2,-8.912174333122072,3.8092376071159526
6,3.119963021986273,-9.578896410016714
6,1.1159149838623703,-13.773091303566144
9,6.96240251893095,7.355230696926405
8,10.246173493838185,11.889993850955646
8,-7.273957910681902,-3.9776689076774394
0,15.777859553936624,-0.16433140450395634
6,-4.530149855977056,-4.993591837576032
4,-2.470653021210909,-9.450468013301604
9,-0.3636263767506476,2.3540273301480834
0,7.564258012747166,-5.073018798862145
2,0.7076799747635096,-2.820274776647082
3,-11.175866244631079,10.909259111521104
1,7.8034066446960955,12.984469883294933
2,14.0340124635482,7.433283472788194
3,2.444608078658425,5.841855129023262
4,-7.269754511572688,14.77062295357339
2,-12.159091968606774,8.352903238979007
3,7.848413839063215,5.242268634075311
5,10.865697332694658,2.4621019200574903
2,22.957182178742396,11.280725108670346
3,11.927506036646456,10.148459874732344
8,11.62566462593112,5.719696646348005
7,-7.286638162858264,11.093708278671341
8,0.5523914709331184,3.9032986251730257
7,5.899990414898511,3.9962747519019186
2,-3.8440313783094004,8.128353502076333
2,-3.7390075972036474,6.200151833752631
3,-2.9647783983831886,3.339059681582744
9,7.651145236811118,-1.6268074942907056
9,-8.965771821225045,1.726017085391752
9,-16.24311165293813,-3.0799024520822655
1,0.154535605597105,11.16656350251614
4,-12.803011817387098,9.203044427678007
1,-0.7959652333660587,4.790216147327856
8,9.197201556872963,-8.134827076308577
0,-1.162501130792105,13.077321999847289
1,9.130581123971226,7.719661603346589
7,13.86708899946034,-12.526687151065067
3,1.189219238889958,-1.682639392868384
5,-7.43900950957773,10.53727568254749
6,-7.138783894971754,0.14172362376491743
2,-11.820358268675967,4.893110643328578
5,-6.806625472860581,3.2326942569292783
5,-6.871648435769092,3.6490457635933393
6,6.5860668622039675,13.26803086289455
0,-7.7987400956012145,-1.175354028599589
0,6.308875301755598,7.933023228397342
5,-5.887060403719417,2.362918051288487
9,-13.774958274241932,-0.7512190631245894
5,9.01894312631171,5.25820867464779
3,-8.639219457259022,11.059357046860407
3,1.0168137330019142,5.084134859732354
9,-9.687934217706356,-4.194140309561677
8,-11.992538411741776,1.8132348416646964
5,4.098164206039083,4.993513657109117
9,-11.65837898816286,7.743511690765578
2,6.993800536834275,-8.006610236469012
7,0.11599180949004229,-1.6359937042858599
7,-13.503609383527937,2.391387576753896
7,-7.379046809496548,-0.246901362018769
5,-10.655443557992994,-0.1845134900525911
6,-13.492496755348368,3.4395016338736886
7,-17.162220638689107,-6.522602026337664
0,-8.897993135982068,-4.645487617483219
8,8.159739251560438,11.656212987209237
7,-10.463526499539995,6.029374303375154
9,10.283426638055646,0.08303565406706959
8,-7.131944621186251,12.307975042090629
1,-4.721989994688949,2.2397318411128455
6,12.097829518814095,-5.960808098075153
4,2.4598226889956347,-11.919717945515668
2,-4.573659043366391,0.026426646104441787
6,4.857677538211394,-5.9110603267227395
2,5.515884117791171,2.4374714222522287
9,-5.84181723287228,3.0257931633315
7,10.077045148406853,-7.137923051483553
2,-8.40504779522443,-4.818382847542649
0,0.442200092343322,6.8786560952866616
7,-3.3499518985060357,0.8184187917032923
2,9.400051717999215,-3.4203657894008828
9,12.275989779038916,8.622432252592459
2,-13.791506843411355,4.240133607106143
9,15.085622219971427,9.684494947144257
2,2.370346336345003,1.0968880701057477
0,3.8855773523956554,-4.018297151667362
2,-7.815101692726923,2.6517022021409975
5,1.3319730580154423,-3.094802218295901
2,12.447562967793216,-8.691980179981945
3,-9.645968637663604,5.562236361006926
2,15.709502011158108,3.970213586617094
1,15.598024971109563,3.7086195169768486
8,0.32509186706635873,8.639056937582964
9,5.181133192461328,-3.6944692933507355
5,-2.450832950009305,-8.581947517138499
2,6.2265826571692475,14.289529701704724
4,6.945265416550046,4.508724524945935
6,2.2702717037756557,7.734879786270615
1,-11.161681263628605,-1.9088344841155167
7,-17.556631090551804,1.5844525208393865
1,12.079454639505252,-1.7159425619014321
6,-4.669094505025746,9.794626155615305
2,8.006832442587442,-0.13413317378288525
7,-2.066191330941007,-2.2852510264570967
7,3.172762134505923,-7.063929840080336
3,4.979087268743006,3.047896824597098
6,5.477375667162164,7.6119556740680245
1,10.887669656090956,14.179595534008012
4,-7.46650553577506,12.316936127020245
6,6.657668537315764,-0.48175039054356716
2,8.842782032534464,-5.018108620209667
9,10.895182746822453,9.33092581278367
0,3.2702768026623525,9.483913784323247
6,-8.582449806758099,-3.9098723155066164
8,4.976599146099502,-5.172016528537814
4,17.051030315313113,15.791713782815577
9,-3.547908819963917,8.60259223978196
4,-6.342957979455699,5.1527011171016825
6,-2.9649289647588426,16.188237101678222
0,-11.119542405815203,-0.016913100486058874
9,-8.333891309303523,-0.3705185223554248
8,1.8225808700066208,-10.197521655667096
5,-10.378845962708862,2.0160724128016394
9,8.817963515683159,-2.958797046281526
9,12.967210359808497,8.769522148907665
7,-6.2197916328858724,4.501191125700811
0,13.914735159832937,5.459153546874028
4,-0.06897769238388562,-11.84280744079772
9,-11.527368427170586,-2.2018784114261267
4,8.860095228097872,9.395392711124146
7,8.459589362981921,7.9729507259281265
5,-5.175649988389013,8.166436158356284
3,-4.801507745051801,5.94654260762424
4,9.219675542812588,8.36905227216171
5,-16.353472841770184,4.916622827933941
1,-1.316422147193288,0.012852121147941098
8,0.3941882470465643,6.9793457892417425
6,1.9130492347418153,7.063466771185709
0,18.933862263029816,4.43525590323657
0,-12.202482172839893,1.9004365845155147
2,-1.851006361565696,-0.41299803506334953
4,-7.014419480142195,0.08790547582054398
3,7.745061369996025,4.013789782991653
7,0.9384413379667018,2.5024027985807615
9,-7.269863644247941,8.247391866372148
0,14.006265304642458,17.753583889361597
2,-3.0574080343575627,-11.716856237999314
9,-6.706591082328574,0.07002211526525137
5,1.7607129171701477,-0.8008884947290973
6,8.68235860157937,6.5237094839951455
2,-8.136577744937254,5.933870213393962
0,-14.779589401895834,5.611903796723093
2,2.7624696067951646,13.165940081526681
2,-5.321994180259527,1.5602375113993912
0,-4.568295467179758,5.583506330841036
9,-9.336886980692622,6.092089957391301
9,6.311238379017928,1.8229755028769414
7,-0.5220728899941172,-6.984023124099468
9,-2.3666062322284622,-2.3434810073750603
8,-0.3839304216494597,12.10634279364338
8,-12.00385164534558,3.0319199787339715
3,7.607559272303575,10.152076471450592
4,-15.221105028428376,-0.33503909649747543
2,-0.4572847063172425,-11.77984206002084
8,16.60709398324903,1.7044233858796982
6,-8.894587925099353,1.8736180561200069
8,6.919441884088728,11.996853645272482
4,6.433474492748165,-4.87474369439566
8,-10.625833122538626,-0.9102121193764017
3,0.5854012188375473,0.642674059986468
5,-1.9373529152527524,-0.857055540006566
9,3.0771081749015714,9.914006795379462
0,-5.726843116632462,2.688451477663949
2,-8.074174764851596,11.238378313507226
7,4.894229006655738,4.161095181405015
7,-7.387814898961174,-3.4478869833932198
6,5.30640725757338,18.206037621766967
4,-0.24842419383846082,4.672520966008614
3,0.470619287970548,9.967436150670071
7,3.430954580822493,14.978850768496319
2,-10.488301139069124,0.3723046018848516
0,6.746530063945144,15.732972556021169
8,8.93451911928351,1.3769497826470243
0,2.228713106783559,-2.287239956247821
4,6.565336474835913,12.372525671388605
6,-10.509175888577916,-5.183878801373709
5,3.122609042974876,8.010458951066028
6,-8.400026799412835,4.465226151159039
7,3.279973813006145,2.9853711677720387
4,-9.7226093078917,6.345751502139139
1,12.159613595193843,5.533479424667464
1,-8.203432157439753,5.3207546681571625
0,-0.5400941801486994,18.264099536432134
1,-10.006371162959379,8.57652040977339
2,1.1658839526078522,4.806221098228301
5,-3.867128212043994,1.8658099502543548
6,2.2839374059920723,-2.6359295145195762
7,2.6391682077941274,15.477989657067978
6,-1.136721622017694,5.452020550360079
7,-16.06553327950934,0.15962760067899406
3,0.07317114988957574,-1.0786485654936548
3,-2.5992008942063043,2.832575602106058
6,10.330231166056677,6.417840077839623
0,20.37771938355217,9.5341937688001
2,-5.770830925890637,8.76459090327627
5,-8.781743138184728,1.5930172697146299
8,7.668808622795177,14.409908297874678
4,-6.708516886927263,7.572513371778431
0,12.921244095542574,3.8521623881106657
0,13.64708216676726,3.8767498124685664
7,0.7918772253659512,13.717612566583082
8,-1.8592336824810394,-22.4987018387798
8,14.209440344230757,4.880057515214762
1,-5.054899470737752,-1.6745056402112244
6,8.852341467740139,16.06451868428452
8,4.124459736930184,-13.55530187983975
3,-8.188791739698084,9.537202804494108
2,12.160817533754756,8.272059889728709
5,-4.001283526053498,5.8015497315598665
5,5.004148849804989,5.972562485778098
8,13.804524722512099,5.4782948497005375
8,-12.080479387168232,-4.827899665801579
2,11.95368213648364,7.437745920485344
5,-6.125782975422048,8.336598619609747
2,-5.752147883236223,8.249668260266953
3,8.06651273226597,-5.58453636667568
4,8.702596177684692,9.693011326106793
6,-8.114359598211081,5.503449741577066
7,5.95587632256938,0.8183224747737708
3,13.073286792814272,9.600342454379817
4,5.416500921285413,15.713263529014917
3,-3.222252619032856,-8.356285222842905
3,-11.779678979178353,-2.179050830596199
0,3.540190144645544,-3.0980179799232177
4,6.254243130788371,8.406250301762006
6,13.2318046933236,5.241632273818344
6,6.330563704396084,5.041400099951527
1,-14.503990552056681,6.391835329678735
4,-11.089791824078745,-0.2923499545675776
6,4.854818586813235,-0.7926616941663545
0,-0.8731528146112373,1.4687411351613135
8,7.58418122164733,2.9984739196829255
9,9.110872065486436,16.96445302515505
6,10.640209338288058,12.012506295958445
9,13.892641689572855,6.045389225382351
9,1.0283127609964655,5.62911397440677
9,-4.767935363405957,3.8457103271401034
4,9.059711277951005,9.367533728745101
5,-8.291784734444658,1.463851672849355
0,10.09282081282377,12.601990396024021
7,-5.318643777949411,11.833279624773379
5,4.15276423473396,-0.06279327840749893
9,-11.499167632182683,4.3021548558133444
2,-0.6263439329774405,6.0803796392295535
5,9.31150596264319,10.73670465193478
0,2.0978587186978697,-7.200818174027864
6,-13.783553317157919,-4.041167610891442
5,-1.619566855531012,8.461131284081661
1,-6.9146436334654435,10.754976594071177
5,3.8315524501502134,17.38734580746556
4,12.784664955072191,9.493358383371676
2,0.10375178776211769,-0.7200779810198696
8,-12.15192398786725,3.6144683485458566
1,-7.094064439497509,-2.0057535395212867
6,-4.871976140440623,-6.239267883183298
1,9.868188350472177,6.178871653337946
1,6.451846271816116,3.3302646332202923
2,19.321211206031037,8.334106694429671
5,2.878263069407675,-10.309100831227612
7,8.342621122297599,13.812487726606996
0,-5.686538928110218,-2.54303762433799
5,11.240612010863433,-16.005071161130004
4,10.10119498135765,5.489436258650261
7,-2.9701615609462575,0.6489107937380814
9,-4.411743938767469,-5.00244457232197
2,-3.927781648087315,6.515373356360811
4,1.6081406306267416,12.719254245391433
5,-17.382506423911348,3.7518750969751813
4,-7.181426869047755,3.019159861413371
9,-10.892905978761735,6.265220992496957
9,-3.129833777980244,6.220080564020501
8,-14.904575406635171,6.109264247424537
9,13.816561103291676,8.944838808340553
8,1.7304174730823414,1.8090682022248132
4,-2.33570104721937,3.9077884657062665
8,0.475102792284531,4.1725162724874485
8,-10.416734933296905,9.420672624644306
7,10.87201051531279,-0.38601616388927074
6,4.904879925185725,-4.493923507395605
5,4.204525228214261,-12.028148104924512
2,-6.4615601690402835,2.2284942741183364
9,-4.5402041925838255,7.778780987647632
5,-10.824239113546996,7.54442106126277
6,-7.183684413653573,4.451711741355382
1,0.09005038206173488,6.923638541322766
8,-11.14150516451232,5.197689502795355
8,-6.032977948641379,14.498471086907955
3,2.860708456236469,6.909263428401594
4,13.28805697279469,5.679993889503311
9,1.7804597960653368,10.47899589322045
2,-11.949282473588717,10.513236669149585
2,-10.656086515258298,-3.1628952290118146
4,3.656472078893379,6.19819042485542
2,-9.227893015772601,2.4795314822513754
4,-0.6240702641657041,5.949241778973532
2,10.248261828348806,3.863005199473257
9,-2.397297121727922,-2.818777854931744
5,7.8223067073849935,12.158529095484147
8,22.85865551944996,5.658286238939773
4,-10.064180425246068,1.3670723442674149
4,-4.466591458512908,7.236803458211894
3,0.8565184010962774,9.658903631121783
7,-7.9812149318508805,2.156283476694427
5,12.543736060250527,4.888419776469776
2,14.139086143972063,15.175991062570393
4,-14.448335270890784,-3.490488049391261
4,7.671327824680069,7.916282323967081
2,-5.909993249448492,11.719791725869374
4,10.684069413566226,-3.481741820314258
2,2.7704381767062793,8.561603036638424
7,3.0904991415182774,13.568838784748293
9,-6.188054944347135,7.005193106673474
6,-6.099963458691752,5.926443526330692
4,18.299546524039147,11.889037309057809
7,-3.6235264163670142,2.353570649612531
9,4.781309665540839,-10.841546794348458
8,-8.80871286221379,0.8447440580636443
1,-10.726083146352657,-7.176370736613627
3,6.804975390851499,-1.400398446282889
4,3.061496429265906,-4.394228421376721
0,8.9860186196098,-0.9724424706254515
1,-6.22645218956865,-1.092432477360009
9,8.060707145493772,7.382313087119476
5,-7.960712737841563,-2.982289500479212
4,11.45904010307845,-5.243638985664296
4,10.510479336124266,7.209300528040828
5,17.16642775371035,-1.817227341461912
5,-10.840045757164914,6.743038228550781
6,-8.262202618990857,6.940021054936164
3,10.314019109501865,-10.180913326360432
0,13.732837823416272,7.968660847069426
2,-1.7776633155500665,7.102237722398085
0,-5.012096140822482,-3.7641969367277532
8,1.1197530191997513,15.624568779896922
5,-11.034337440696698,2.510539555813616
6,-0.6671125090834282,0.5519728824062211
6,10.226745643467604,19.003588848942172
6,-1.6400110222228954,4.48299756650459
0,7.309628829319048,-7.617669138885589
8,-12.354814104933816,5.880269204812844
7,14.13464982009189,4.1685529201853395
0,-1.8763898351441508,9.639494205220855
7,-6.253906374028958,7.720611063245807
3,-3.1022690606858387,11.810935035629997
9,-10.663606864538007,-2.5659346832812684
0,5.201300983407297,-7.990081870462358
9,7.0295629059009785,13.894710770675703
3,2.614209830642152,-6.905213042012243
5,-2.3648269311659305,3.858577067498402
7,-10.699483605888926,8.53923712076734
6,11.399167482333038,12.919022325468006
9,-5.586215586923746,8.903489795468548
2,13.424717119805715,6.919351689320317
8,-10.886370197293537,2.5994552112821903
9,-11.82425089716471,4.358369544855185
6,-5.41830953688694,-2.2145273909551553
5,4.076740595336557,4.194078437416921
6,2.981227029749964,0.8181294317892599
6,14.91501310873557,13.566241789297308
8,-1.1255903889297691,6.402903798834419
4,12.504736284133756,5.98830841177943
4,10.549356162476593,11.053394755881248
3,-9.472478785094344,4.927770512960091
9,-11.324280256450693,-5.445551023116458
7,-2.80007718218439,10.927203971774416
4,14.94709561450152,19.01698909515651
2,1.3755911945119923,11.900259077267314
3,-4.754162007996543,9.284838388758809
6,-7.734083657888184,16.946117048754125
1,-13.549262734230961,-0.4056424918088233
4,0.052707022651039104,5.658587672592464
3,-4.53850883808574,5.382569341765903
5,0.3443324515702155,-1.4159774924825062
9,-3.4998545842367985,2.183499628319415
8,13.158356262737907,-2.284741415638024
8,14.458893296984435,-9.289194618804405
7,1.5203050546709727,-11.740219527552032
4,3.8165519397323626,4.921300739702963
3,1.2920869085789102,-5.441425623065815
3,0.05250446610762616,-4.519082527156565
6,-4.788782046061177,7.045183606366118
6,8.253000111821095,7.210140818316777
1,0.6262903500391666,-8.402736644477454
1,-1.4359849822493498,9.07304111360352
3,-7.146824918585999,5.643906053018446
0,-8.594472424530021,4.353699686865779
9,-9.351709384389352,12.008698735474402
3,-6.278854084022756,3.8051099707657468
4,8.456551847472497,14.025700347789792
7,5.318519947539952,7.272821877602995
1,3.171056509323696,-8.015849913410568
3,0.3553100971623495,13.32061084172925
0,9.123840751582385,5.2133515244496005
2,-16.08082012416149,2.103624618543323
5,-11.568789313377023,2.4549758129495833
1,-7.59819617777431,-1.901723923900593
5,3.708270245578345,-1.5018283025379358
9,10.350223738383578,1.756674054028025
4,-5.786028774403065,11.48673795270312
2,7.682018646586417,5.083813091719177
1,-11.29832011028889,5.0278052968594835
3,7.392014098558444,4.838355127049472
0,9.64970733723741,17.412042760606386
5,4.301525120404352,9.368824214756524
2,12.376522752939445,12.89882719998022
6,-5.426517757257525,-9.800218067795617
9,-7.89533851204707,3.6961321913899736
2,-4.229172522017834,2.164748663165498
9,10.307749238187869,-3.701093267886778
1,3.341144022022276,-11.518438976516997
7,-0.48886626125060584,9.954061534496855
6,16.89266973016406,10.539023299218485
9,1.4749148379271468,-12.985547317115275
5,-7.034311585344177,5.757488385851783
8,-11.691577931085742,9.420756393831093
3,9.972320836694724,4.876738838019582
4,-17.916505308523934,9.974497012200995
8,15.018247523375322,12.850146828826064
2,7.983407402911204,11.744522485510716
0,-6.087981257036034,4.059299321957706
2,-4.268966742026547,-2.8306693030613106
2,-1.832843320474988,8.45752431991356
9,6.446177377276399,12.06605545987876
5,13.089914507749635,2.0063356399651395
7,-14.17608419358492,-1.851799610122498
1,8.279972614823976,2.214580762393597
3,-9.213347106512739,3.28713672691173
7,11.873099373914503,6.281118366430072
0,10.338143449858723,17.366833816292285
8,3.6754162091943243,10.106029764499855
0,11.168263001269844,11.637971178180813
0,-7.174385000116576,0.129536391606915
5,-2.354105329354307,-3.9298720607851605
7,-14.799923498595263,4.129297054869173
0,-5.342669922196616,5.1369082870000184
0,9.424922202960962,-11.47061394014595
1,1.4441793133450957,2.505608832240984
3,5.347609832228218,-4.965199434444587
9,-3.033005888815948,6.026731721587216
6,4.828577320159337,-14.690851255447114
1,-6.819558026646694,6.7713152870789095
5,-2.9496820122141623,5.1093816890233255
6,-3.860862718001816,2.3504723691989877
6,10.400905433070491,-11.929495531273947
1,-0.730041631676845,-10.851222323105624
3,6.759496180885243,11.448642981026875
2,5.156021306734858,-1.4756941639793553
9,-10.882151808374786,-7.5297476319625325
7,5.133392154687666,1.237315041022665
8,-9.59901360633766,9.892282533756113
3,21.57080136617801,3.656300836170752
9,-14.872332826616063,6.362491437749509
5,-9.407397645370821,0.6216751602879125
9,11.85038449808279,-0.11229316325156269
9,7.655050148426283,8.793220703727544
1,-1.1738047093208737,-2.925096554154808
1,9.857242890792545,0.10871960192859298
1,7.044366831282303,10.46324387111169
3,-1.2679355889963313,13.95321758284703
2,14.358467849973522,-7.905377922492105
5,8.374870917472055,6.450319469785482
7,-1.81353619269498,11.101788238766336
0,2.0541366784726236,3.286069460501963
8,11.345151808920408,3.857546687688793
8,17.42782953803036,7.3536434265078725
4,-0.9265976943759755,-6.315655994392069
1,-2.5145754268872693,-5.91425483335524
3,-8.51827860848432,-8.415370562731692
3,-1.6181007222738852,6.475073372705774
2,6.010537686726208,0.2974210030614177
5,-3.959568592865716,5.505998104307126
6,12.638796982897576,0.6413457110765677
3,-4.785833728549474,16.983806467944603
0,-2.4836565571320897,11.532327800516196
2,5.210416483726457,-6.196547073017527
6,6.204296241738346,10.32058245985386
5,4.852537848270396,-8.44582679526951
