codigo_de_usuario,producto_1,producto_2,producto_3,producto_4,latitud,longitud
1,0,0,0,0,14.27730463871065,-5.958916636057363
2,0,0,1,0,-9.958963271957163,1.0368392499231995
3,0,0,1,0,7.8595505060335284,1.932572138995532
4,1,1,1,1,-8.989975902841431,6.9692683863323115
5,1,0,0,0,-6.641690046876498,-0.7777590586162857
6,1,0,0,0,0.006522080285870757,-4.123359739890036
7,1,0,1,0,8.200183348367283,-3.4066965347175584
8,1,0,0,0,-8.28064447527615,5.975336195749626
9,1,1,0,0,-5.385142799587539,0.16900411610055976
10,1,0,0,0,-5.274520087864196,-2.1071073569373624
11,1,0,1,0,-6.1003588542087375,4.503885265695325
12,1,0,1,0,5.073691418510179,-3.365962498672573
13,1,0,0,1,2.985598307818698,0.5068383367067774
14,0,0,1,0,-9.7499367405767,1.197898312741068
15,1,0,0,0,5.041330236631131,-9.79770095135488
16,1,0,1,0,7.516980195815463,3.5785733738548204
17,1,0,1,0,6.367709748611234,-7.378880810720654
18,1,0,1,0,-2.9277628988076447,0.5420009370252687
19,1,1,0,0,0.3959039356773002,0.4174533813167951
20,1,0,0,0,-0.1631622677863387,5.457599925118726
21,1,0,0,0,1.9647544304272557,-13.101424663793555
22,1,0,0,0,9.462321319622422,1.4209864023768712
23,1,1,1,0,18.33756035549267,-1.0060058957420006
24,1,0,0,0,-10.736796876579403,5.061941904443911
25,0,0,1,1,-13.511162384157732,-5.452576400447569
26,0,0,1,0,-3.236010725998028,9.622703207913457
27,1,0,0,0,0.4621536201251608,4.084279125824261
28,0,0,0,1,-4.320329105303989,-1.1262750191730757
29,1,1,0,0,-11.2951196922412,0.9267002925764771
30,1,1,1,0,3.6405980655461545,-1.2097675263172536
31,1,0,0,0,4.4735101016573555,-3.627296373604191
32,1,1,1,0,2.2064297232678634,-11.483864617692305
33,0,0,0,0,-4.54086191129202,1.6775131055705073
34,0,0,0,0,12.575040667728627,6.726418595315328
35,1,0,1,0,9.833950515617461,-8.651147803938573
36,0,0,0,1,7.949102190812939,-7.183247409368292
37,0,0,1,0,8.317376188886714,-7.426080233380988
38,1,0,0,1,7.66232088985051,-9.03856380779931
39,0,0,1,0,12.141078352871277,-13.36106480953843
40,1,1,0,0,-12.708851307257746,3.6085878593707266
41,1,0,0,0,6.561912289825266,-6.29771399817241
42,0,0,0,0,-7.660326799706379,-4.2825556989175
43,0,0,1,0,-3.1674296292491526,10.547255094893355
44,1,0,1,0,1.8214646372167969,-0.9217340663002738
45,1,0,1,0,-5.455893887308935,4.272300501910753
46,0,0,1,0,1.9537916442044208,-2.208744533082089
47,1,0,0,0,7.115299729232065,5.465534877164499
48,1,0,0,1,7.198746994754788,-1.395073681076279
49,1,0,0,0,-19.554612068811153,3.794394873960095
50,1,0,1,0,-2.0483817879421675,-1.3756084469082097
51,1,0,0,0,-8.5551384553958,1.9914966578283342
52,0,0,1,0,-5.2050453174608755,4.273030473160084
53,0,1,1,0,13.55403143437844,-7.95438916553539
54,1,0,0,0,-8.312475685516441,2.7958288792216397
55,0,0,1,0,-3.8771973876597725,8.532704069326186
56,1,1,1,1,3.476299544208715,-4.456007550363105
57,0,0,0,1,-6.673664565881964,7.846723656599184
58,1,0,0,0,3.175172273231195,-7.196791156126656
59,1,0,0,1,7.554156093294346,-0.8473033055419043
60,1,0,0,0,-14.151226392292045,-5.531108310282127
61,0,0,0,0,0.11596045027186808,9.054434909092663
62,0,0,1,0,-3.664124834458078,1.7614048307959014
63,0,0,0,1,7.298063584704106,6.438393575746753
64,1,0,0,0,-9.254281663082324,15.890392458686813
65,1,1,1,0,12.815593786854565,4.697469920068359
66,1,0,1,0,-1.057540813027022,-13.700232864771912
67,0,0,0,0,-4.042402587516388,-0.5979300323433021
68,1,0,0,0,-11.842207283611508,-4.667849054899744
69,1,0,1,0,-12.275061283870983,11.845216108152565
70,0,0,1,1,3.2337750822894265,-8.559725253967228
71,0,0,1,0,1.1013948373348663,7.124827468008512
72,0,0,0,0,-0.6263750530865462,-8.304449922414904
73,1,0,0,1,-3.0416617648874267,-5.323433020140121
74,1,0,0,0,6.439128693909621,-3.560575456776209
75,1,0,1,1,3.959170515057872,-1.8842353792722741
76,1,0,0,0,9.74867374936941,-1.294112671119853
77,1,0,0,0,7.448224877863737,-2.325852611197701
78,1,0,0,0,-5.0856681533591,-2.090565891840979
79,1,0,0,0,9.049730091393844,-3.598673629134776
80,0,0,1,0,-7.43565786644344,1.6205618842698257
81,1,0,1,0,7.425418337375752,-6.702216990863773
82,0,1,0,0,-7.1692587787370705,-0.046262294462803055
83,1,1,0,0,-8.609743551688245,7.701207178279499
84,1,1,1,1,9.260747281234657,-13.378959667032204
85,1,0,1,0,-3.3473509797207086,9.391916667786552
86,0,0,1,0,-1.6802606385788668,0.5678329403771487
87,1,0,0,0,-6.150918207281022,-0.8915641586922218
88,1,0,1,0,-1.7689335597253963,8.88776681283616
89,1,0,0,1,-1.511678630025834,10.533043773073334
90,0,0,1,1,6.809298929188849,-6.614613922331154
91,1,0,0,0,-7.713977677164342,-3.2720544685267896
92,1,0,0,0,8.409676015408516,-2.4674571227048103
93,1,0,0,1,-23.21254955672279,11.493385835048047
94,0,0,1,0,7.645297077965761,0.946381875373957
95,1,0,1,0,-0.494453669859217,5.997306714190794
96,0,0,0,0,5.509553007088887,-6.386561678089451
97,1,0,1,0,10.662986217394703,1.7473737430136755
98,1,0,1,0,2.6139584493212555,9.405870925562187
99,1,0,0,0,4.474658309814629,10.49496072698943
100,0,0,0,1,-14.031383754381238,4.252375271069917
101,1,0,1,0,-12.928437502608478,-0.3566661967874103
102,1,0,0,1,-0.8463104447506709,2.698885152157213
103,1,0,0,0,-1.739673809002868,5.195720915437181
104,1,0,1,0,-8.080675874554943,-1.0939449741503555
105,1,0,1,0,-4.332941474269907,-1.2013455308699061
106,1,0,0,0,10.463697103941541,-7.551377630864005
107,1,0,0,0,-4.832658962631495,6.5706519967191745
108,1,0,0,0,-8.72387548217801,1.1389664006639304
109,1,0,1,0,-6.499412396496105,8.72714611167742
110,0,1,0,1,9.283885487966412,10.856459929515161
111,1,1,1,0,2.520762704695561,-8.282541845639507
112,1,0,0,0,14.08485211154763,-8.121995784062149
113,1,0,1,0,-4.485856282360346,-7.638503295901231
114,0,0,1,0,9.336680053207484,-10.452495589926347
115,1,0,1,0,-10.626958294789553,8.77461205897415
116,1,0,1,0,3.4070339619700825,1.7513427142822109
117,1,0,0,0,4.884490086920998,-14.2206839754549
118,0,0,0,0,-9.328067101800768,-0.9378221490439751
119,1,0,1,1,0.6156628661121326,-16.761158822464406
120,1,0,1,0,14.01838745508616,6.005060171244551
121,0,0,1,0,-12.223282008853275,5.172659099136786
122,0,0,1,0,4.808168910476109,-0.5750520296461072
123,1,0,1,0,2.6565341237645983,6.323789321335976
124,1,0,0,0,-7.522056966296905,6.041388688988621
125,1,0,1,0,-7.682363610387069,-3.470503356621813
126,1,1,1,0,1.0482099459334382,-6.108577355226474
127,1,0,1,0,-12.57411390489899,7.996316819829453
128,1,0,0,1,2.8663090566421854,3.939595248280102
129,1,0,0,1,9.9836147487253,-1.276608568097086
130,1,0,0,1,-1.7989797703026484,-0.7548083659651654
131,0,1,1,1,12.964781315768228,0.2442389359818078
132,1,0,1,0,0.6078648644446858,2.3437143177006594
133,1,0,0,0,3.548286394251747,2.6153310209465763
134,0,1,1,0,0.16747770545087626,0.2333836465067365
135,0,0,1,0,5.65368298137265,-14.704166697290136
136,0,0,1,0,-15.297736979712372,-4.37052696927501
137,1,0,0,0,-1.5808205533088646,-2.427233374093616
138,1,0,0,0,-5.20981073852761,1.2284425298412498
139,1,0,1,0,-19.136904043567455,-5.379905377000706
140,1,0,0,0,-6.413166632176193,-1.0449847185295744
141,1,0,1,0,4.097125563415371,-10.385261475971696
142,0,0,0,0,14.33426605767875,-3.9532896830225233
143,1,0,1,0,0.3795330549927467,0.26892443305916025
144,1,0,0,0,6.32991381359944,-6.709994744612789
145,1,0,1,0,-14.886999828080837,7.3870383970956155
146,1,0,0,0,5.636253743084733,1.21136067483752
147,1,0,1,0,9.450590214226121,-4.402124192515203
148,0,0,1,0,-0.47732506393167284,-1.5535322191971939
149,1,0,1,0,-5.561920293566742,-1.276598119037899
150,1,0,1,0,-7.457442626148079,8.306580946090119
151,1,1,1,0,9.139325524252868,-8.422027792794708
152,0,0,1,0,-14.073517090219658,6.022369455045841
153,0,0,1,0,-9.465349505002221,-0.2068845202015992
154,0,1,1,0,7.220312545705356,-7.388523884581927
155,1,1,1,0,-6.208051986758872,-3.7676732465592764
156,1,0,0,0,-3.6455210380778267,4.5759270712884454
157,1,0,1,0,-7.465738180015805,-5.1471709223572635
158,1,0,0,0,15.822867334554912,-4.282207746251175
159,0,0,1,0,10.786825617001707,-7.394260718082056
160,1,1,0,0,6.876464631539179,-6.569316992129048
161,1,0,1,0,-13.586260396663489,-2.5822140954206105
162,1,0,0,0,4.2948085493234025,-4.0215369853701
163,1,0,1,0,-10.762939545429226,11.162614055804244
164,1,0,0,1,13.756009759353162,-0.9180250083618278
165,0,0,0,0,-0.44956630637634554,0.9316958760741767
166,1,0,0,0,-6.455282912871528,5.877644097080951
167,0,0,0,1,-9.14969330215996,-1.3207175604521217
168,1,1,0,0,8.113893414500875,5.031965217077277
169,1,0,1,1,-4.237630509059293,0.8646099373974803
170,1,0,1,0,-15.777335134024593,-5.124950886951775
171,1,0,1,0,5.868845762812526,11.116219950520863
172,1,0,1,0,-8.714003274005881,5.846548101486821
173,1,0,1,0,-5.989156461321529,12.238191669926593
174,1,0,1,0,-6.729188589579962,-5.342635757058574
175,1,1,1,1,14.597081956554312,4.7743641269871215
176,1,0,0,0,-6.390131080246244,5.9425608315902805
177,1,0,0,0,2.615019986850691,-2.19048935491105
178,0,0,0,0,-3.296000585585526,-2.9013213572151657
179,1,0,0,1,11.38807097414693,-1.0564970313517406
180,1,1,0,0,-2.3566798469748784,-7.631390727337644
181,1,0,0,0,2.281088037692154,6.066838065591248
182,0,0,0,0,12.859667887393595,-12.875036534679925
183,0,1,0,1,-3.6613213647905685,10.209737107905097
184,1,0,1,0,-2.269068408097308,6.142074416406203
185,0,0,1,0,-6.411975107922471,1.9866885205626201
186,1,0,0,1,5.9437216593121,4.0928285387539765
187,1,0,0,0,-4.516607558343129,-8.597630037555657
188,0,0,1,0,-4.904368872711737,2.949483403602289
189,0,0,0,0,-1.068487409169002,-1.8780535903868103
190,1,1,1,0,11.508774974878428,-13.523697978950196
191,1,0,0,0,-8.620384926309162,1.4198807174702086
192,0,0,0,0,4.465964002306058,-1.2736168391337106
193,1,0,0,0,-7.28856452873482,5.8725175519427975
194,0,0,0,0,7.490078847506316,5.650047816538919
195,1,0,0,0,3.7244908817697384,-7.372417697244314
196,0,0,1,0,2.530033123797401,-5.953200694621223
197,0,0,1,0,10.359812958209355,-3.861678482139225
198,0,1,0,1,7.62995608280723,-9.908637502554528
199,1,0,1,0,10.187471315176897,-3.874004362862416
200,1,0,0,0,7.615454615881866,-17.231753506828476
201,0,0,0,1,-9.430777069801069,-0.1991954634076336
202,0,0,0,1,8.643042688562648,-7.638327488979277
203,0,1,1,0,6.562090949363649,2.0212279685030694
204,0,0,1,0,6.886959241462716,-1.7971275150173325
205,0,0,1,0,1.6518717534778533,-13.09511569342083
206,1,0,1,0,3.3487763319744115,-5.661228200310963
207,1,0,0,0,2.490991218771277,-9.660277792641105
208,1,0,1,0,15.275918280179571,-6.6968523772642445
209,0,0,1,1,-8.334175951598995,-3.371452112865982
210,1,0,1,0,11.91669973254498,5.147435623993303
211,0,0,1,0,2.596673953618313,-4.025824805291901
212,1,0,1,1,1.7890116672941128,-0.9192035778618521
213,0,0,0,0,9.813602766425921,-1.0959568960715451
214,0,0,0,0,-18.439298945932542,5.116173329031424
215,1,0,0,0,2.721413026432371,-12.377272422892673
216,1,0,0,0,12.05711214612694,4.721516119395676
217,1,1,0,0,4.7116109727378745,-8.561240406572747
218,1,1,0,1,10.561164309220604,3.075189406113581
219,1,0,0,1,-4.204936856359201,-2.1127897606085595
220,0,0,1,0,15.89513057418862,-2.723825057575766
221,1,0,0,0,1.0518955069802476,0.7213151376849734
222,1,0,0,1,-5.785297333484491,11.283315992729648
223,1,0,0,0,-4.872597001340164,2.767295833358603
224,1,0,1,1,-7.34030654019409,-2.356957893071162
225,1,0,0,1,2.840232445424687,2.7513688681319612
226,1,0,1,0,3.731598293326157,-7.614105936581603
227,1,0,1,1,-5.763410250969253,-2.0948574180095934
228,0,0,0,0,0.047123648953958375,-13.525388186906746
229,0,0,0,0,-2.6371851332999245,0.8383554659129333
230,1,0,1,1,8.047112213215268,2.4531962987641682
231,1,0,0,0,7.91365530768907,6.988530797771113
232,1,0,1,0,9.857995472683413,-3.8480767080877216
233,0,0,1,0,-8.655226186664772,5.509609886016042
234,1,0,1,0,4.431424610826943,-10.875427099521342
235,0,0,1,0,8.072422835949807,-4.067623374715118
236,1,1,0,0,-10.122293430581042,15.565992291558445
237,1,0,1,0,2.543645777449786,-10.62402991695861
238,0,1,1,0,19.37988268896336,-10.023057312682852
239,1,0,1,1,-3.5229870425296888,6.269916767941343
240,0,0,1,0,14.846874490901696,-2.704209009680609
241,0,1,1,0,-22.244461960216174,4.0940006597851495
242,1,0,1,0,11.517473363730453,-7.801681014549491
243,1,0,1,0,-1.3509695185808432,12.529805885196698
244,1,0,1,0,1.1332290554529636,-1.1258652681923125
245,1,0,1,0,-2.2551315980571314,-0.7342023710095491
246,1,0,0,0,-2.762378889395811,0.7239132898324223
247,0,0,1,0,6.613693958917824,-11.13930340393506
248,1,0,0,1,11.280126772340925,0.5369340345421705
249,1,0,0,1,4.38953286444738,-1.042284225234594
250,1,0,1,1,1.4530712461185442,-1.3273222293065747
251,1,0,1,1,3.399512524690841,-1.115369194660695
252,1,0,1,1,1.3455148086608961,6.331643579707572
253,0,0,1,0,4.030696860241729,-2.6545387312965945
254,1,0,0,0,3.253831554977763,-16.708796848655165
255,0,1,1,0,4.499609977903986,0.34577697189520534
256,0,0,1,0,10.248566259346486,-11.09176546345252
257,0,0,0,0,4.055203598703319,-0.21191395894271814
258,1,0,0,0,-2.9914777232613403,-1.8009958337656276
259,0,0,0,0,-10.229859425360853,4.779831293029311
260,1,0,1,1,-12.327509887837426,-7.748542379175255
261,1,0,0,0,-3.5352419435056097,9.163910700167873
262,1,0,1,0,6.330723728963838,6.572039973781596
263,1,0,1,0,-16.19174944924262,9.021253053291147
264,1,0,1,0,-5.195517404327203,5.066807890159098
265,1,0,1,0,20.33196754774046,-1.0221368168306624
266,1,0,0,0,-6.559097514563845,8.271546993468293
267,1,0,1,1,10.225210679401451,-10.609655893463456
268,1,0,0,0,11.11722397356662,-13.424058581619715
269,0,0,0,0,12.681322644114612,-13.318527903052914
270,1,0,1,0,-3.588900589503613,-5.1087823067632385
271,0,0,1,0,3.355239202834622,0.8753939259976542
272,0,0,1,0,13.100313856074,-5.8758432781950845
273,1,0,0,1,3.4942015182225856,5.655869803698894
274,1,0,1,0,-8.0211651416822,6.955339167759257
275,0,0,1,0,1.29049637907133,-10.675961695162322
276,0,0,0,0,10.7694662906922,-3.0498610655986846
277,0,0,0,0,7.315331462327246,0.7650933625663972
278,1,0,0,0,-6.9625703551270375,-3.1846849288673136
279,1,0,0,0,-1.6766478102340692,6.218226866115058
280,1,0,0,0,-6.493325755208071,6.061353373229362
281,0,0,0,0,2.7615220655466652,3.6834653899477505
282,1,0,0,0,3.7732124139619163,-14.219648771028577
283,1,0,1,1,10.796554890070592,4.706408615208857
284,1,0,0,0,-0.3847788149212974,-3.349290556529187
285,1,0,1,0,-1.4649252027885478,2.942970867181044
286,0,0,0,0,10.785370220919344,-15.867536709634297
287,0,0,0,0,-3.177011028184756,-2.238279558849359
288,1,0,0,0,-0.6421438411241329,14.352536724439583
289,0,1,1,0,-5.865601915082083,3.5126907544635353
290,1,1,1,1,10.231121605730063,-13.883320999156988
291,1,0,1,0,-3.3817674607736325,-3.147235370339774
292,1,0,1,0,11.307714780221376,-3.3567215046723873
293,0,0,1,0,2.1198679370661333,-2.020968802322768
294,0,0,1,1,8.775874349988792,-8.720779465768647
295,1,0,0,0,12.428844048547928,1.2098802132495887
296,0,0,1,0,7.038580176449876,-5.154780369650599
297,0,0,0,0,12.387330522387392,-5.361724165031453
298,0,0,1,0,-10.844605832033979,-0.014137433560901247
299,1,0,0,0,3.940245775752588,-9.093460505817939
300,1,1,1,0,3.774160583331479,-3.369268365569245
301,0,0,1,0,-8.531006854011837,6.448128822464661
302,1,0,1,0,0.4189499207638714,12.038018649844473
303,1,0,0,0,-6.157451616522755,5.819190476776724
304,0,0,1,0,1.43044756788973,-9.669342834987923
305,1,0,0,0,5.029560207813868,3.361261373580702
306,1,0,0,0,2.236926889147437,-7.529897415781273
307,1,0,0,0,8.528358397788411,-17.74218316424998
308,1,0,0,1,4.692138379516672,-3.7490253675660687
309,1,0,0,0,8.76064377148611,-15.458664123631543
310,1,0,0,1,-9.259834830316661,11.563333608556592
311,1,0,0,0,7.796200735448724,2.4038346152901493
312,1,0,0,0,-7.330578544785111,-0.12259160192819518
313,1,0,1,0,6.2241411662668895,-8.574085735746996
314,1,0,1,0,-8.941847768368172,4.677715131405064
315,0,0,0,0,7.7691794496794255,3.4650150874538346
316,1,0,1,0,13.71829744251837,1.293495490217773
317,1,0,1,0,-16.91918944632637,-1.9391984441963666
318,1,0,1,1,-5.167070890612217,0.28435549058823284
319,0,1,1,0,-14.291052634910464,0.36158313266594244
320,1,0,0,1,4.056832952758757,-3.0022589889188764
321,1,0,0,0,-10.633019689398294,3.4747831939114135
322,1,0,0,1,9.630117543146163,-2.6912589267783935
323,0,0,0,0,-8.026544850335185,1.6673375510066988
324,1,0,1,0,-16.768317390340002,-3.3898056058784434
325,1,0,0,1,-0.021343576026475963,1.166722859492059
326,1,0,1,0,7.780078067225764,-6.213394016920393
327,0,0,1,0,7.447067684760156,-1.8166742562855482
328,1,0,1,0,-14.19052352987529,1.136308422392992
329,1,0,0,0,-15.259049524771555,4.862822751455328
330,1,0,0,0,4.697567508125603,-5.435126980799831
331,1,0,1,0,-0.21671698591010036,2.968065531580879
332,1,1,1,0,12.589020559871365,-1.965201117531895
333,1,0,1,1,12.994488320739116,6.8424665779915355
334,1,0,1,0,-6.542043437380052,-0.5036148183913562
335,1,0,0,0,2.703163033880196,-3.248106270174195
336,1,0,1,0,-2.6517394394973746,5.517372135838969
337,1,0,0,0,10.433434250887917,-7.069451237840572
338,1,1,1,0,-1.5938855560840661,1.345754471633965
339,0,0,1,0,-4.73050766217704,3.163975232146766
340,1,0,1,1,18.029193748794686,-10.868830520915372
341,1,0,1,0,-0.6050285859044382,-10.320860284791735
342,1,0,0,0,-4.41283803280922,-0.5236714506814311
343,1,0,1,0,2.386545145516143,-10.19402038726513
344,1,0,0,0,-10.354530327185255,17.599981429719953
345,1,0,1,0,11.25062431448463,4.266000047622899
346,0,0,1,0,0.3530637215770067,-22.384036943207146
347,0,0,0,0,9.856443427547466,-6.277519819094356
348,0,1,1,1,9.426166455068278,-2.5295421101103432
349,1,1,1,0,5.612777359389432,-3.7589114427765677
350,0,0,1,1,9.82014678165014,-5.755854790426284
351,1,0,1,0,1.057764417702463,2.335574207387392
352,1,0,1,0,5.126466823399252,-11.914240822069418
353,1,0,1,0,-11.880696613781883,9.045607339041979
354,1,0,0,0,10.341093307679088,1.8228480605757929
355,1,0,1,0,-17.196950007495158,-4.482563292922261
356,0,0,0,0,-0.9116739177802153,-3.6259100688765287
357,0,1,1,0,-3.5331267291507604,3.738010457830081
358,1,0,0,0,3.7304758083624607,-1.2483519866034343
359,1,0,0,0,0.20877336385997225,-8.736592164631706
360,1,0,0,0,6.3178096681330285,-2.963511567500291
361,0,0,0,1,6.5163352936348975,2.899061368230955
362,0,0,1,1,7.057327135688626,11.013496752569022
363,0,0,0,0,-7.909430666452857,2.483140783385293
364,0,0,0,0,2.5379438463347537,3.180212901961043
365,1,0,1,0,-8.373784240898077,0.502447972855522
366,1,0,0,1,7.874025497381501,2.50857299687676
367,1,0,0,0,6.292549712880183,-8.184425799332956
368,1,0,1,0,10.874825627036646,-8.02999885995627
369,0,0,0,0,7.104368331560458,-4.993867467934173
370,1,0,1,0,6.984222483497376,-3.83137706749008
371,1,0,1,0,7.225670127775924,-2.5671786472087197
372,1,0,1,0,4.901426555796709,9.267292469623293
373,1,0,0,0,-5.861371048669271,2.894496719986257
374,1,0,0,0,1.638769100454386,1.418735797433591
375,1,0,1,0,-3.5986512808246296,-8.46355297119488
376,0,0,0,0,7.559828620819076,-13.943312820950926
377,1,0,0,0,0.28621985475485623,3.8759520404244885
378,0,0,1,0,6.500944317856451,-0.681654222109513
379,1,0,1,1,10.984773424269868,-5.276679587667615
380,0,0,0,0,14.073328196052273,-1.918983508998109
381,1,0,0,0,-13.475229747470426,-1.4766211748177218
382,1,0,0,1,-9.160573118436123,7.322212507599236
383,0,0,1,0,-6.608260772927968,-0.17049625499340504
384,1,1,1,0,10.30194300097796,-15.41015594985041
385,1,1,0,0,5.366827442768648,-8.442194041187161
386,0,0,1,1,6.604738442869702,2.5572838157863806
387,1,0,1,0,9.96881231669547,-1.1519584326828913
388,1,0,0,1,5.483305376533988,5.355907251473045
389,0,0,1,0,-4.906888948050278,9.615658998043616
390,0,0,1,0,11.343667919770262,-5.113230502300883
391,1,0,0,1,-6.583391556610387,4.14700601481762
392,1,0,1,0,12.245317506830151,-5.857581358071666
393,1,0,1,0,-13.476516574608063,2.734066770306585
394,0,0,0,0,-6.87003521787956,-0.7647384637390227
395,1,1,0,0,1.5443420063089164,-6.398510619693307
396,0,0,0,0,6.176525651749792,-11.485809496855886
397,1,0,1,0,3.6116991079829392,6.282621906677925
398,1,0,0,0,4.690693709888938,1.284663628132525
399,0,1,1,1,-1.2555761490743187,-2.87962353621749
400,1,0,1,0,7.52950656443822,-13.868632736604187
401,1,0,0,0,-13.721362904375638,4.544937712277691
402,0,0,0,0,13.171288811633485,-2.6635849659564865
403,1,0,1,0,-2.5799082696959967,-0.15337731211957004
404,1,0,0,0,-9.19581093156152,2.617081169465573
405,1,0,1,1,6.342196223665794,2.0735575678566858
406,1,0,0,0,7.795329891687996,5.679051626622176
407,1,0,1,1,-18.61171712480661,-4.0469654484253805
408,1,0,1,0,2.262195204370993,-5.0407198304255605
409,1,1,1,1,4.879251440401096,-0.4997559871113144
410,1,0,1,0,7.333599505885183,-4.562153566669059
411,1,0,1,0,-5.8652447547800985,-0.4399644825014146
412,0,0,0,0,9.073739968605382,3.5630412797078193
413,0,1,1,0,6.462253883687883,-2.049115403792111
414,1,0,1,0,1.8064162953837206,-13.414979549747766
415,1,0,0,0,-12.90831744821725,-1.5481760895923462
416,1,0,0,0,-6.2068442449847945,3.0893913734913303
417,1,0,1,0,2.7477640241562504,-4.6626279041235605
418,0,0,0,0,-10.980907020048992,0.49482766360176966
419,0,0,0,0,-9.16571754386268,2.711180433455728
420,1,0,1,0,-5.335185753412107,17.42727429030883
421,1,0,0,0,-2.617133745600942,10.334585094179726
422,1,0,1,1,-8.099163510472291,-3.1409549383265807
423,0,0,0,0,16.51115064052194,-1.2063798292374543
424,1,0,1,0,9.557566039765055,-11.070245302339089
425,0,0,0,0,-3.028930278931375,-2.7469030780895602
426,0,0,0,0,-6.054771902180761,2.065549988666663
427,1,0,0,0,-3.8167746997954173,11.298059197834299
428,1,0,0,1,-15.622353804007858,1.8891424505024637
429,1,0,0,0,-5.65490087929378,-3.7136998324054176
430,1,1,0,0,2.3361457646160186,-9.455580788990348
431,0,0,1,0,1.074909008601329,-11.797980304641047
432,1,0,1,0,9.689384680529448,-11.179488848076158
433,0,0,1,0,5.085711245211302,-7.744539607928115
434,1,0,0,1,-15.527134661508219,9.830248193257392
435,1,0,1,1,11.588579963028716,-2.5747580627338302
436,1,0,1,1,5.992880201363155,2.3727157523713993
437,1,0,1,1,9.849393833556428,-5.328420939160949
438,1,1,1,0,7.958425987704909,-2.9996309035802198
439,0,1,0,0,-2.79044962473981,3.504426018806841
440,0,1,0,0,-5.4605287899051085,-3.229461920335341
441,0,0,0,0,2.5322334454324102,-1.7185241250186643
442,1,0,1,0,-7.802853445983745,13.502882898709618
443,0,0,1,1,-9.713511807613319,12.79430230577004
444,1,0,0,0,12.482678886188932,6.412992461300479
445,1,0,1,0,3.7117062185949745,-9.426376573687254
446,1,0,0,0,-17.06896418910304,-4.982247696793376
447,1,0,1,1,3.634548409042583,-4.041016767950191
448,1,0,0,0,-3.916287293399577,4.950605531261827
449,1,0,0,0,-10.776207178077524,9.040411477139465
450,0,0,1,0,5.970221837352703,-14.626917474629055
451,1,0,0,0,-14.070455590830871,-5.660137923315732
452,1,0,0,1,-15.036065129440544,8.6202625239966
453,1,0,1,0,1.2160645873929243,-0.6390162748042503
454,1,0,1,0,-0.4956978854734233,-4.4674219452165245
455,1,0,0,1,-9.674306049244619,0.015423299401169599
456,1,0,1,0,13.662098185207004,-3.4627767966963043
457,1,0,0,0,10.242444357550003,8.199735230663043
458,0,1,0,1,-16.025293062274557,1.4079139295104772
459,1,0,1,1,0.525729371879617,-7.852294818675297
460,1,0,1,0,0.4128407715863496,-14.268524025496841
461,1,0,1,0,-5.9125903895821965,5.562760307075675
462,1,0,1,0,10.887513600422352,-2.335354500439873
463,1,0,0,1,-6.98394841652703,3.171362500670926
464,1,0,1,0,-16.64859701635599,-6.218686178744326
465,0,0,0,0,8.328609355146382,-9.681887670779059
466,1,0,0,1,-17.30715731100469,6.532542447686156
467,0,0,1,1,-2.779369697019508,-11.469278029837668
468,1,0,1,0,16.28685941296411,-12.704050670318935
469,1,0,1,0,-8.210262997913143,-5.55596277918135
470,1,0,1,0,2.0586702296821406,-1.0068249574123687
471,0,1,0,0,-19.725151965861215,0.44505171479709027
472,1,0,0,0,3.050394105254522,8.094665207724145
473,1,0,1,0,-12.522863413914669,0.8273615735858137
474,0,0,1,0,-12.05253496417071,2.3619991730568937
475,1,0,0,0,-6.115760877012959,0.0013067520241136776
476,1,0,0,0,-0.8740320175003955,-2.5998460713863683
477,0,0,1,0,1.6433243197723764,8.234634492836273
478,1,0,0,0,-3.73479540735908,3.029676258319534
479,1,0,1,0,-6.883749799346338,13.304045631674631
480,1,0,0,0,1.575281981258855,4.564663873026799
481,1,0,1,0,4.751439085528892,-9.352471094565153
482,1,0,1,0,-4.396385547992022,14.137371307445566
483,1,0,0,0,3.868562439283903,-0.4333591266286949
484,0,0,1,0,-3.988897996128146,5.541910288062949
485,1,0,1,1,-4.580543841082555,-2.491778713698058
486,1,0,0,0,8.933079343619847,-10.073888632876255
487,1,0,0,0,-4.181424067751809,10.887825504979038
488,1,1,0,0,-12.117006784261026,1.5863947206302607
489,1,0,0,0,4.610382287665279,-2.346817216780312
490,0,1,0,0,-7.438443802969433,2.6141901235723917
491,1,0,1,0,-6.129831355543833,7.216318884960357
492,0,0,0,1,-5.115212656493437,3.6554654378643296
493,0,0,1,0,1.0687232860816245,2.571132451949535
494,1,0,0,0,5.9796741799605755,-5.4099400393740735
495,0,0,1,0,-5.105790737251314,7.275394720380425
496,1,0,1,0,-8.35059674841423,6.721023261740555
497,1,0,1,0,-3.027133553021951,10.556041551010885
498,0,0,1,0,9.638757742464122,-0.00015440469787730837
499,1,0,1,0,-8.212531414537604,-3.706834710425988
500,1,0,0,0,-3.5871570155561567,9.508555830318533
501,1,0,0,0,-14.405947195934981,-2.1812300953552954
502,0,0,1,0,18.56835485652163,-0.4102712071959722
503,1,0,0,0,-9.059000742430122,-0.002308581450948477
504,0,0,1,0,11.032920941052671,4.233593143350678
505,1,1,0,1,-10.206804544451906,2.0261741743098733
506,0,0,0,0,12.64903581742563,-6.02256612266605
507,0,0,1,0,-12.6725934178879,3.9436617702051286
508,1,0,0,1,-6.98303791699739,0.2818636063679414
509,1,0,0,0,-4.2515094254484636,-10.520690948991195
510,1,0,1,0,-8.265990979829501,6.934602060920912
511,1,0,0,0,3.217057052685515,-8.604640958216512
512,1,0,1,0,-7.292801514271519,6.316710030972692
513,1,1,0,0,14.903125784831628,1.7366703536388561
514,1,0,1,0,2.185066936769271,-6.032096610899828
515,1,0,0,0,8.23520057895142,-4.05317191752519
516,0,0,0,0,-8.730023797505782,5.298188254390762
517,1,0,0,1,4.894939936451292,-0.037743985924301726
518,1,0,1,1,5.524222530097048,-7.650951649176612
519,0,0,0,0,5.170377365241369,-3.3527508755293534
520,1,0,0,0,13.287099350749369,-0.5410190707425749
521,0,0,0,0,11.19160106746753,-4.991295232400713
522,1,0,1,0,12.604853785966352,-14.649070729208631
523,0,0,0,1,5.400532903933232,-7.732313336386191
524,1,0,1,0,-8.940860857572531,7.433643319331284
525,0,0,1,0,11.409761442418246,-2.250247507710088
526,1,0,0,1,-5.401934894926958,-0.39792146858887945
527,0,1,0,0,4.909192909051383,-1.363834723604688
528,0,0,1,0,3.011095258774394,-6.383977352125986
529,0,0,0,0,0.871898065731469,-12.551924605616811
530,0,0,0,0,6.586941095789723,-2.7705826952933945
531,1,1,1,0,1.915011776721838,-6.5162552177822874
532,1,0,0,1,-14.54226888138076,5.696227460464905
533,1,0,0,0,-5.68558038122403,6.516614524763646
534,0,0,1,0,0.18875187852789788,3.3045539236418624
535,0,0,0,0,-9.083947304591977,-0.013677953725272696
536,1,0,0,0,1.7581595288981258,-2.6513182449480173
537,1,0,1,1,3.8001936422439697,-1.9819899097273201
538,1,0,0,0,3.032555886106875,-2.7172624162736185
539,1,0,1,0,3.8040792001937893,-0.4970982145051408
540,1,0,1,0,-5.643607512791952,-4.852258272235759
541,1,0,1,1,6.482109747585557,-8.381532872113846
542,1,0,1,0,3.922709561464894,2.7465134747514934
543,1,1,0,0,1.4089460708214894,-5.8461251509588905
544,1,0,1,0,6.007094333527614,-13.872481214023752
545,1,0,0,1,-0.8860897819675291,-1.0199309823747469
546,1,0,0,0,3.714256600942612,-3.7794812983537547
547,1,0,1,0,11.01523897936476,-8.862473447982188
548,0,0,1,0,-1.4173420662830631,3.05659464598292
549,1,0,1,0,3.0724360748103035,-2.0699307330383943
550,1,0,1,0,9.631502201349461,1.8455931308190436
551,1,0,1,1,-16.24139492309148,5.815928538240293
552,1,0,0,0,3.3994245036057276,-2.716489945188962
553,1,0,0,0,-14.946630396976689,-7.663072698391275
554,1,0,0,0,-0.25736513320309573,-1.500861106964284
555,1,0,1,0,-0.7740581899327506,12.389760788156964
556,1,0,0,0,7.843524221493695,11.160645121464315
557,1,0,1,0,-13.36875459142028,4.836554834941384
558,1,0,1,1,7.036764720963658,4.643293293485774
559,1,1,1,0,7.837030409772424,7.964135653008169
560,0,0,0,1,-14.793417734997538,2.2090544360895956
561,1,0,1,1,7.506888097270071,2.6368090225674905
562,1,0,0,0,11.672043519523015,2.8658794842674364
563,1,0,0,0,-0.23332187782409086,-8.49305062496757
564,1,0,0,1,-9.859241871264775,-3.010145794472198
565,1,0,0,0,-11.162239716071667,-2.154733100270853
566,1,0,0,1,-13.46324603793221,5.518152598896702
567,1,0,0,1,14.58029387132796,-10.690755460879377
568,1,0,0,0,1.0501139952923877,-2.0181928934495756
569,1,0,0,0,-1.9611974983994056,-5.555717405264506
570,1,0,0,1,3.8422375796044657,-4.902463295022078
571,1,0,1,0,-6.875636578138035,9.009325263179875
572,1,0,1,0,2.196359536347236,1.7784209266690159
573,1,0,1,0,1.9103717368519741,2.37109371229748
574,1,0,0,0,1.6063106573371222,-7.665546293663185
575,0,0,1,1,-7.343311247886669,1.1366787939530258
576,1,0,0,0,13.240515149677876,-11.545517670265719
577,1,0,1,1,12.54125419199467,-1.8886043799210972
578,1,0,0,0,-4.21481406400833,-7.002839498650586
579,0,0,0,0,10.676857798847058,-11.295280786260781
580,1,0,1,0,-8.18139677317334,2.35782524547736
581,0,0,1,0,-4.52376785554491,2.3415528706262267
582,1,0,0,0,-8.651621930262834,3.0639350383403983
583,0,0,0,0,5.026895626505413,-4.940349032525178
584,0,0,0,0,1.447344802397007,-6.024543349387503
585,0,0,0,0,8.243904392071896,-11.873740327480418
586,1,0,0,0,13.743440693761258,-0.5777201216481282
587,0,0,1,0,-12.328960531163595,7.3711991378271895
588,0,0,0,0,-3.4695739663380474,6.816610298882601
589,1,0,1,0,6.166883465430791,-4.053406808357199
590,1,0,1,0,-10.97929947155314,-1.9431928774621072
591,1,0,0,0,1.5280492690915368,2.7417585297374014
592,1,0,1,0,-1.1888442407883693,-0.26428743608459404
593,0,0,1,0,14.846838967335174,-12.570327268329434
594,0,0,1,0,6.753742492359873,0.5739251694084897
595,1,0,0,0,-9.165747119093918,9.96455750488164
596,1,0,1,0,-2.382654209287079,-0.7725168193770986
597,1,0,1,0,-9.885128519549362,8.713727462589564
598,1,0,0,0,2.7858833219160903,6.068239409176593
599,1,0,1,0,-7.744831126506205,4.361114672455508
600,1,0,0,0,0.621835551613966,-5.2518652565873545
601,1,0,0,0,-12.769475611250883,5.871618591408101
602,1,0,1,0,-1.362975275520098,15.73933825333214
603,1,0,1,1,-12.59394919396288,-0.11592678138011703
604,1,0,1,0,-0.3720930122669568,-0.7160381728716576
605,0,0,1,0,10.214835155065016,-4.412949979849335
606,1,0,1,0,-11.405894204679047,7.190314744020149
607,1,0,0,0,1.6911813880868785,-3.3268272692956042
608,0,0,1,1,-16.957978534636883,-6.0546582980092225
609,1,0,0,0,-10.460786416519259,7.908591618517713
610,1,0,1,0,1.8806873797329242,-10.444482382929174
611,1,0,1,0,2.454053480865765,-3.308057109534859
612,0,0,1,1,5.228325525241749,5.713828893951859
613,0,0,1,1,-7.24643750780783,-11.944620714219653
614,1,0,0,0,-8.92978687137056,7.120913697017605
615,1,0,0,0,2.6319961093846707,-4.183206748676455
616,0,0,1,1,6.580478784856962,-16.36449895488672
617,1,1,0,0,-14.473874552963943,3.335568497229497
618,1,0,1,0,-2.6603207835212217,-1.079048937098562
619,0,0,0,0,-8.070619443763391,5.042667145358182
620,1,0,1,1,-6.806325983117985,-1.1869855755584315
621,0,0,1,1,-6.093273107261782,10.388485431916823
622,0,0,0,0,4.670892660920899,-1.1146487281496715
623,1,0,1,0,9.55097361022808,-10.78352165241356
624,1,0,1,1,-10.49028078101285,6.337687633269814
625,1,0,1,1,-5.925438032140497,6.273405517682454
626,1,0,0,0,8.64365024133736,-7.84746259413161
627,1,0,0,0,-7.733160710392446,-2.5040388444920048
628,0,0,0,1,11.204118112831116,-3.92653150156627
629,1,0,0,0,-2.689095982480282,-5.972797101977686
630,0,0,1,1,-1.5841906375775876,-0.8658729328022055
631,0,1,1,0,14.778892635129756,-1.499165070018838
632,0,1,1,0,13.681126274677656,-10.969572040688057
633,1,0,1,0,-7.322995997997905,2.9512307760780647
634,0,0,0,0,-14.667472183195036,-8.93072445933661
635,0,0,0,0,-6.680818388223857,6.64287034633137
636,1,0,0,0,-10.87906764478425,3.222858994187126
637,1,0,0,0,20.532395995289544,-8.646399335176515
638,0,0,1,1,4.011909768400697,-7.877422220621581
639,0,0,1,0,-6.684896118441438,8.096846552206316
640,1,0,0,0,3.3768630671911346,-2.049413562071356
641,1,0,1,0,6.6996862618842234,5.996019776100139
642,1,0,0,0,7.89290140970818,-9.744768930771073
643,0,0,1,0,6.823331536874561,-10.251146871166162
644,1,0,0,0,6.157640131297554,-3.1523563639596643
645,1,0,1,0,1.8718651093321519,6.934740001791214
646,1,0,0,1,1.8865298031692612,-21.373055954333456
647,0,0,1,1,-15.980548495282077,7.34090694788177
648,1,0,1,0,-6.255392002770875,5.543060751528484
649,1,0,1,0,-4.960317872674299,-4.24158231274231
650,1,0,0,1,-1.5703961776489885,-6.24509389957394
651,0,0,0,1,-10.92938154202601,1.9947921337821786
652,1,0,1,0,5.501377525851368,-0.17552664081399966
653,0,0,0,0,3.5862271134577983,-2.1806334385010775
654,1,1,1,0,5.853096171383527,-8.04238396746292
655,0,0,1,0,18.25851864427438,1.6132923375046202
656,0,0,1,0,7.949561847250408,1.3964254116753931
657,0,1,1,0,-10.546970913294777,1.4647684905685974
658,0,0,0,0,-13.1889021782825,11.59293091882746
659,0,0,1,0,3.098892816794457,2.4734286930593075
660,1,1,1,0,3.7249500134651945,-0.2573713369058579
661,1,0,1,0,8.98500090806322,-12.206561756844788
662,1,0,1,0,15.244159665704611,-10.264569134567733
663,1,0,0,0,5.57235706254263,-1.7095820996424018
664,1,0,1,0,-7.583698562321365,-2.8802617600400513
665,1,0,0,0,-1.7500355380976753,9.189404254631652
666,1,0,1,0,-5.2337007263250905,9.339905842141908
667,1,0,1,1,-0.8141369992799135,-7.484676329827888
668,0,0,0,0,1.9300657455679904,-4.14582589467651
669,0,0,0,0,-3.1225479476809586,1.9275172963649894
670,0,0,0,0,8.383405840910068,3.033076411347375
671,1,0,0,0,-0.8130901692005637,-8.621672900359847
672,1,0,1,0,8.407156801784316,-10.728745395271364
673,1,0,0,0,-3.8860797923139243,-0.7415722654418841
674,0,0,1,0,3.5173549190538806,-9.597206208251308
675,1,0,1,0,-7.9580865854825875,0.7649124330071375
676,1,0,0,0,-6.65644704510742,-11.08344723922949
677,1,0,0,0,14.54721661725527,-8.718194056983666
678,0,1,1,1,1.9310821775108389,-3.929521957974511
679,1,0,1,0,5.176797663782014,-1.0912011762087994
680,1,0,0,0,5.825997533835295,3.979425502493294
681,1,0,0,0,-5.434530562103354,-1.024752482450169
682,0,0,1,0,-18.208760075381992,-0.25187514753210616
683,0,0,1,0,-10.298753153373243,0.16699548324485236
684,0,0,0,0,4.383049393867637,-4.331344772598975
685,1,0,0,0,4.430351958017223,-10.335914718772438
686,1,0,0,0,1.4973865440021357,-1.6815627148726935
687,1,0,0,0,-7.639056158798336,-2.1937192875223435
688,1,0,1,1,-7.625979372472406,4.296297454403993
689,0,1,1,0,-9.421786563163836,9.925526757905969
690,1,0,1,0,-0.21386876904171404,0.9000371877058297
691,1,0,1,0,4.675140770572353,-12.556362745806464
692,1,0,1,1,12.875518839574518,7.919854081700022
693,0,0,1,1,9.190860234740729,3.746933438769645
694,0,0,0,0,11.218156159556854,-9.225494313640077
695,1,0,0,0,9.287579811913341,2.986948418708415
696,0,0,1,0,-6.661925233523039,-0.4411956553157337
697,1,0,0,0,7.5567474806282044,-2.4132490967096216
698,1,0,1,0,-1.2232133884135994,-6.4079170681820115
699,1,0,1,0,11.134940720037466,2.5897367871404313
700,1,0,1,0,-2.322577000750382,11.513050803645667
701,0,0,0,0,-1.9817257593748803,1.2147386754620582
702,1,0,1,0,-3.862712863167351,-0.1567944760944524
703,1,0,1,0,7.290956714874131,2.5336976574828096
704,0,0,0,1,0.08384902297589103,-4.5721086535958095
705,0,0,0,0,12.083154106521912,-5.427181487902277
706,0,0,1,0,-11.880758820737054,12.158135799844136
707,1,0,0,0,2.3611985057824745,4.463661901264966
708,0,0,0,1,5.265548142486935,-5.290689506774968
709,1,0,0,0,-9.014057205616908,6.302219342288908
710,0,0,0,0,3.013078398028446,-8.37439310981435
711,1,0,1,0,-18.28612228966216,9.19340811397028
712,1,0,1,0,-7.586458257369717,-6.189696118712766
713,1,0,0,0,-14.665775507089739,-4.513753113292782
714,1,0,0,0,9.656438601049077,-1.0900457952988765
715,1,0,0,0,-13.797884202654483,-1.6113882463800313
716,1,0,0,0,-13.490896224674572,0.33753953175592155
717,1,0,1,0,-10.625820734340648,-4.543760020886051
718,1,0,0,0,2.7741920880365947,4.446787741432954
719,0,0,0,0,6.5609063759480435,-6.835557594909145
720,0,0,0,0,7.687937349736548,-0.8381135306794079
721,0,0,1,0,10.463905209533333,-7.716693076508308
722,0,0,0,1,0.28834281512276383,1.2488214483370195
723,1,0,0,0,-0.9415417859054642,-8.55908986469174
724,1,1,0,0,-6.363480677677079,1.8214985380159894
725,0,1,0,1,-0.668916901179931,-3.9292256423809837
726,1,0,1,0,1.3797399297354698,2.6545461653810642
727,1,0,1,0,-4.0334784879852,1.9592043765858937
728,0,0,0,0,-0.2948966060871179,-7.194069460408828
729,1,0,1,0,6.475856005577171,-2.6941052300468833
730,1,0,1,0,-8.159712656980576,5.710512304138238
731,0,0,1,0,11.753379175249309,-11.8489870028727
732,0,0,0,1,7.260017363192605,-5.028864197263417
733,0,0,0,1,10.281290939597326,6.479443026610644
734,1,0,1,0,-13.365234067344216,-4.371301947470558
735,1,0,0,0,21.766849772878338,-10.282086888259895
736,1,0,1,0,8.094665878895537,-0.8128475504110604
737,0,0,1,0,1.5563320687699678,-9.173746466712062
738,0,0,0,1,13.336114500229762,-13.892860769835725
739,1,1,0,0,8.823223529845086,0.3878702639581036
740,1,0,0,0,-18.062042944240183,4.306702738155035
741,1,0,1,0,-17.1014208591432,-1.4745114258427008
742,1,0,1,1,-1.6826726313325269,6.080641343487919
743,1,0,1,0,4.712016234395157,-2.4786537488615483
744,1,0,1,0,10.914595884510828,3.2016799512887544
745,1,0,1,0,-15.544667902943,-0.8812825244560178
746,0,0,1,0,3.380334993539141,1.5112675015432435
747,0,0,0,0,-0.1862070975830532,-5.689079627222499
748,0,0,1,0,-11.387519565716602,3.761512920440143
749,0,1,0,0,5.379388123958451,-6.009983981812984
